{"cameraMode":{"drawMode":0,"name":"Shaded","section":"Shading Mode"},"sceneLighting":true,"audioPlay":false,"sceneViewState":{"showFog":true,"showMaterialUpdate":false,"showSkybox":true,"showFlares":true,"showImageEffects":true,"showParticleSystems":true},"in2DMode":false,"pivot":{"x":-14.407031059265137,"y":-13.062812805175782,"z":17.30382537841797},"rotation":{"x":-0.32867634296417239,"y":0.3856056034564972,"z":-0.14926019310951234,"w":-0.849118173122406},"size":35.636558532714847,"orthographic":false}