{"cameraMode":{"drawMode":0,"name":"Shaded","section":"Shading Mode"},"sceneLighting":false,"audioPlay":false,"sceneViewState":{"showFog":true,"showMaterialUpdate":false,"showSkybox":true,"showFlares":true,"showImageEffects":true,"showParticleSystems":true},"in2DMode":false,"pivot":{"x":14.366039276123047,"y":11.71110725402832,"z":-0.22969608008861543},"rotation":{"x":-0.2867180109024048,"y":0.39777445793151858,"z":-0.1323968917131424,"w":-0.8614170551300049},"size":3.960042953491211,"orthographic":false}