{"cameraMode":{"drawMode":0,"name":"Shaded","section":"Shading Mode"},"sceneLighting":false,"audioPlay":false,"sceneViewState":{"showFog":true,"showMaterialUpdate":false,"showSkybox":true,"showFlares":true,"showImageEffects":true,"showParticleSystems":true},"in2DMode":false,"pivot":{"x":5.183138847351074,"y":3.025902509689331,"z":12.39506721496582},"rotation":{"x":0.28079721331596377,"y":0.24029560387134553,"z":-0.07283677905797959,"w":0.9263399839401245},"size":5.082536220550537,"orthographic":false}