{"cameraMode":{"drawMode":0,"name":"Shaded","section":"Shading Mode"},"sceneLighting":true,"audioPlay":false,"sceneViewState":{"showFog":true,"showMaterialUpdate":false,"showSkybox":true,"showFlares":true,"showImageEffects":true,"showParticleSystems":true},"in2DMode":false,"pivot":{"x":-9.738424301147461,"y":11.494359970092774,"z":-12.019014358520508},"rotation":{"x":0.2515757381916046,"y":-0.08522239327430725,"z":0.022247159853577615,"w":0.963821530342102},"size":22.0,"orthographic":false}