{"cameraMode":{"drawMode":0,"name":"Shaded","section":"Shading Mode"},"sceneLighting":false,"audioPlay":false,"sceneViewState":{"showFog":true,"showMaterialUpdate":false,"showSkybox":true,"showFlares":true,"showImageEffects":true,"showParticleSystems":true},"in2DMode":false,"pivot":{"x":4.17185115814209,"y":1.0307393074035645,"z":6.2701029777526859},"rotation":{"x":-0.19231240451335908,"y":-0.6318516135215759,"z":0.16593141853809358,"w":-0.7322884202003479},"size":4.950000286102295,"orthographic":false}