{"cameraMode":{"drawMode":0,"name":"Shaded","section":"Shading Mode"},"sceneLighting":true,"audioPlay":false,"sceneViewState":{"showFog":true,"showMaterialUpdate":false,"showSkybox":true,"showFlares":true,"showImageEffects":true,"showParticleSystems":true},"in2DMode":false,"pivot":{"x":22.909605026245118,"y":-0.6463587284088135,"z":-96.11268615722656},"rotation":{"x":-0.02428482100367546,"y":-0.9532365798950195,"z":0.29052039980888369,"w":-0.07967652380466461},"size":49.12211990356445,"orthographic":false}